{
    "bleu": {
        "bleu": 0.8016792438416083,
        "precisions": [
            0.8963730569948186,
            0.8311475409836065,
            0.7757225433526012,
            0.7251533742331289
        ],
        "brevity_penalty": 0.9963796264079045,
        "length_ratio": 0.996386164171399,
        "translation_length": 1930,
        "reference_length": 1937
    },
    "precision": 0.95,
    "recall": 0.95,
    "f1_score": 0.9500000000000001
}