{
    "bleu": {
        "bleu": 0.7681715142292954,
        "precisions": [
            0.8891224382553863,
            0.8119800332778702,
            0.7492660011743981,
            0.6913965087281796
        ],
        "brevity_penalty": 0.9822921335415371,
        "length_ratio": 0.982447083118224,
        "translation_length": 1903,
        "reference_length": 1937
    },
    "precision": 0.94,
    "recall": 0.94,
    "f1_score": 0.94
}