{
    "bleu": {
        "bleu": 0.36592309430552333,
        "precisions": [
            0.8417508417508418,
            0.7159926470588235,
            0.6406882591093117,
            0.578177727784027
        ],
        "brevity_penalty": 0.5323408067942178,
        "length_ratio": 0.6133195663397005,
        "translation_length": 1188,
        "reference_length": 1937
    },
    "precision": 0.27,
    "recall": 0.27,
    "f1_score": 0.27
}